id,texto,sentimento
0,"""Mentalidade de fracassado"" vai tomando ""exodia""",
1,"Dito isso: mais XP. Queria acreditar, mas contra G2 e BLG nao da",
2,Jojo fazendo o takeshi ficar malzÃ£o no prÃ³prio programa dele ğŸ˜‚,
3,"Apenas Jojo ""Aurea""",
4,Talkeshi Ã© simplesmente um programa muito bom,
5,"NÃ£o, nÃ£o serÃ¡ diferente, mas vamos assistir mesmo assim.",
6,kkkkkkkkkkkkkkkkkkkkkkk mano o jojo Ã© muito maluco mano,
7,O maestro vai fazer historia com esse time da fÃºria! Confio em vocÃªs  meninos!,
8,Mano kkkkk de graÃ§a as farpas,
9,Vim da live do takas,
10,"perde todos os jogos sem ganhar um mapa ,talvez ganhe um jogo da GAM",
11,Takinhas e Jojo Ã© de longe a melhor dinÃ¢mica da LTA kkkkk,
12,Boa bora furia,
13,First.,
14,Faz uns review dos times que vamos jogar contra,
15,Ã‰ ABSURDO ter quem torÃ§a CONTRA o bom desempenho brasileiro em internacional. Literalmente se pegar 2Âº Ã© VAGA EXTRA pra regiÃ£o no Mundial,
16,"â€‹@@skarlatus.S2e dai? NÃ³s nao temos dinheiro, influÃªncia e nem gameplay e querem ainda ter 2 vagas em camp internacional? Pela primeira vez passamos do play in ano passado porque facilitaram no formato crl, e querendo ou nao o NA joga melhor. Viajam demais",
17,"O grosso em internacional Ã© garantido, independente do time",
18,"DÃºvido muito infelizmente, fizeram muito nesse split mas agora cenario internacional Ã© outros 500",
19,"â€‹@@StormiziOscarcom ctz, mas se chegarem na fase de grupos jÃ¡ estÃ£o no lucro, vamos ver nÃ© se vÃ£o atuar bem tbm, ainda mais por ser a primeira vez que todos vÃ£o jogar no cenÃ¡rio internacional. SÃ³ nÃ£o pode passar vergonha e vir pra casa logo na fase de entrada.",
20,"â€‹â€‹@@lawl-z Guigo e JoJo ja foram pra internacional duas vezes , tutz nÃ£o foi pq nÃ£o teve internacional na copa COVID, sÃ³ o Tatu e o Ayu que nunca tiveram experiÃªncia internacional",
21,"O time q for eliminado agora vai perder o top 4, sinceramente espero q a loud perca, eles ja mostraram 4 vezes seguidas q sao uma merda no internacional. Faz a boa isurus por favor.",
22,"@@pablojunqueira8919 doeu nele, o time ser incompetente, nao ganha mais e quando ganhava nao fazia diferenÃ§a nenhuma internacional. Ta juntando taÃ§a na prateleira pq so vive de museu..",
23,@@pauloferreiradecastrofilho7567 desenvolvimento entre ruins para tomar uma surra e ganhar mais experiÃªncia internacionalmente,
24,O mais importante Ã© demitir o route o mais rÃ¡pido possÃ­vel. Isso tÃ¡ carÃ­ssimo desde os Ãºltimos 2 campeonatos internacionais. O coco so se esconde. Bota ele na jungle se nÃ£o quer demitir.,
25,com essa mentalidade nunca vai bem internacionalmente.,
26,"Brasileiro nenhum foi bem internacionalmente kkk, e o cara Ã© o maior campeÃ£o. Tem q respeitar",
27,O dia que um time brasileiro chegar nas oitavas de finais no mÃ­nimo pode dizer que algum time foi bem no Internacional  AtÃ© lÃ¡ todos sÃ£o horrÃ­veis nÃ£o importa o time  O resultado que vale nÃ£o o time quando fala de internacional,
28,"@heidergabrielaraujotarquin128Â  concordo . Mas me diz um time que foi 3 vezes seguidas para um campeonato internacional e nÃ£o passou nem da 1 fase ? Ou pior , perdeu pra uns cara que nem era titular . Infelizmente pra Loud eu nÃ£o passo pano",
29,"Se perguntarem pq fomos tÃ£o mal no msi e mundial esse ano, mostre esse jogo . Esse jogo tem absolutamente todas explicaÃ§Ãµes do pq somos tÃ£o ruins internacionalmente",
30,"Wizer aproveitou muito a oportunidade que teve de enfrentar grandes toplaners no internacional, com certeza aprendeu muito com os jogadores.",
31,"Todo ano a mesma coisa, caras e bocas como se fossem os melhores jogadores do mundo, mas infelizmente, Ã© um regiÃ£o que jÃ¡ se conformou em ser a regiÃ£o do entretenimento pq tem pÃºblico, dÃ¡ dinheiro. Mas atÃ© quando vai ter pÃºblico e audiÃªncia? Pq toda vez que chega no internacional passa vergonha e fica escancarado o Gap diff contras as demais regiÃµes.",
32,VÃª esses pseudo times BR passa vergonha internacionalmente,
33,"Espero que o redbert coloque pressao no route, route pipoqueiro de merda em campeonato internacional, route SEMPRE SE ESCONDE NAS FIGHT.",
34,"Ta louco mano? KKKKKK o unico penta internacional foi dele, o ultimo split ele foi abaixo sim, mas isso foi excessÃ£o da excessÃ£o",
35,"Vamos ver quem Ã© o pior da pior regiÃ£o, pra ser o pior nos campeonatos internacionais ğŸ˜‚",
36,Finalmente um pro que pensa alto e nÃ£o tem medo das lendas internacionais,
37,O primeiro prÃ³-player BR que eu ouÃ§o falando sobre conquistas internacionais. Merece todo o hypeğŸ‘ğŸ‘ğŸ‘,
38,o publico brasileiro nÃ£o vai assistir camp internacional sem brasileiro.,
39,Todo mundo jÃ¡ sabe o resultado de campeonato internacional LCK.,
40,"Era claro que havia um *gap* entre Sul e North. O objetivo principal da unificaÃ§Ã£o parcial era alÃ©m de que houvesse uma identificaÃ§Ã£o nacional com o campeonato, tambÃ©m pudÃ©ssemos ter mais confrontos internacionais. O maior problema deste primeiro confronto era que, sendo ele em um campeonato tÃ£o curto, nÃ£o permite que as equipes da LTA Sul realmente evoluam. Fico feliz que no ano que vem esta interaÃ§Ã£o serÃ¡ mais longa.  JÃ¡ sobre os splits seguintes, me alegra que serÃ£o em sua maioria disputados em MD3 e MD5. Ã‰ bem mais justo e permite que os melhores times se destaquem, ao invÃ©s daqueles que conseguem montar uma Ãºnica estratÃ©gia para surpreender seu adversÃ¡rio em um jogo.  Obrigado por ouvirem a comunidade. â¤",
41,Resumindo: os times BR sÃ£o tÃ£o ruins que tivemos que mudar o formato emergencialmente pra tentar diminuir esse GAP absurdo entre os BR e qualquer outra regiÃ£o para termos pelo menos esperanÃ§a de que os torneios internacionais nÃ£o fiquem sem um representante BR pra ao menos criar conteÃºdo prÃ³s torcedores brasileiros. ğŸ«¡,
42,"Gostei das mudanÃ§as, essa fase do 2Â° split da LTA vai ser mto melhor de assistir e ter jogos contra times internacionais tbm vai ser cinema (msm q a gente tome uma surra)",
43,"â€‹@@DiegoSouzaD2 nunca tivemos tanto contato internacional, nÃ£o seja leigo.",
44,"Sim, iguais os ultimos internacionais que pipocaram kkk",
45,"O que esse Corejj e Impact jogam nÃ£o Ã© brincadeira...  A soluÃ§Ã£o pro cenÃ¡rio da LTA Sul seria acabar com todos os times, juntar todo o capital deles pra comprar Corejj e Impact, pelo menos chegarÃ­amos nos playoffs em campeonatos internacionais e terÃ­amos um time pra torcer.",
46,Seria essa a maior vergonha internacional da histÃ³ria dos times brasileiros?,
47,sÃ³ um time da LTA vai pro internacional?,
48,SÃ³ o campeÃ£o vai pra esse internacional,
49,"Se os times da lta sul tirarem um game dos times da lta norte jÃ¡ tÃ¡ Ã³timo. Enfim, mais uma vergonha internacional vindo!!",
50,"Porque na arena cblol vai seguir acontecendo o campeonato da nossa regiÃ£o normalmente, inclusive dia 25 de janeiro comeÃ§a a LTA Sul e nos playoffs os times classificados pelo lado da LTA Norte vem pra cÃ¡ pra disputa do tÃ­tulo. JÃ¡ o First Stand, que Ã© esse campeonato do vÃ­deo Ã© o primeiro campeonato internacional do ano envolvendo todas as regiÃµes, entÃ£o, nÃ£o Ã© estranho que nÃ£o seja aqui visto que desde antes jÃ¡ nÃ£o era comum ser aqui.",
51,"Ainda bem que tiraram o cblol ,agora os times br vao ter que ser bom pra ir para competiÃ§Ãµes internacionais",
52,"antes de comeÃ§ar o mundial ja coloquei a T1 como campeÃ£ kkkkk, ""nunca desacredite da T1 em palco internacional""",
53,Queria isso faz tempo nÃ£o da uniÃ£o em si gostaria que continuaÃ§Ã£o das 3 ligas cblol lla NA sÃ³ que com um camp internacional entre eles,
54,"Diminuir o numero de jogos? Nao viaja cara. Nesse novo formato,  ate o MSI, sem contar os games do primeiro internacional. Soh jogos da LTA. O campeao tem a possibilidade de jogar 46 jogos. Enquanto no campeonato anterior eram 33 jogos no maximo!",
55,"NA perdeu vagas internacionais, assim como outras ligas, a culpa nÃ£o Ã© deles mesmo que eles tenham se "" matado "" com altos salÃ¡rios e rendimentos ruins.",
56,"â€‹@@KannaVoltoueles continuam com 3 vagas internacionais, altos salÃ¡rios e um time que passou para os playoffs e quase eliminou a GenG",
57,fiquei com a impressÃ£o de que a gente nunca mais vai pra um evento internacionalkkkkkkkkkkkk,
58,"Em algum momente a geng vai perder pra t1, e esse momenta ta chegando em um palco internacional",
59,"NÃ£o Ã© exagero nÃ£o, mas algumas jogadas parecem o que meus times fazem aqui no Bronze III",
60,kkkkkkkkkkkkkkkkkkkkkkkk,
61,gstv chato demais,
62,"Rapaz, entÃ£o pelos narradores e comentaristas... os times brasileiros  estÃ£o no cenÃ¡rios profissional por mais de 10 anos e eles ainda nÃ£o tem o ""clique"" ğŸ˜‚ğŸ˜‚ğŸ˜‚ğŸ˜‚ğŸ˜‚",
63,que medo de jogar pqp .,
64,Esses comentaristas do CBLOL sÃ£o umas piadas kkkkkkkkkkkkkkkkkk,
65,da atÃ© uma tristeza dos narradores!,
66,"18:45 Tudo isso porque o Alistar podia ter dado engage na Ahri e consequentemente forÃ§ado a ult dela antes mesmo de tudo isso acontecer, e aÃ­ ela nÃ£o teria ult pra ter matado ele... mas o medo era tanto que o cÃ©rebro comeÃ§a a nÃ£o funcionar direito.",
67,Esse confronto foi pique Fluminense vs Manchester City,
68,Nunca pensei que concordaria com o gstvara pqp,
69,"br joga passivo, quem nÃ£o faz gol toma, Ã© assim no futebol, e nÃ£o seria diferente em outros esportes, quem nÃ£o ataca sÃ³ toma ataque, e uma hora cai. espero que amadurecam, jogaram com medo, passivos demais cruzes. soloq e cblol aqui sÃ£o uns leÃµes, lÃ¡ no mundial sÃ£o uns filhotes de coelho... vai entender.",
70,TL: A  Gstv: ğŸ—£ï¸ğŸ—£ï¸ğŸ—£ï¸ğŸ—£ï¸ğŸ—£ï¸,
71,Ã‰ o titan xqbagre novamente  Muito emocionado esse comedia jogando TradiiiiiÃ§Ã£oooooooo em perder,
72,NÃ£o sei qual tua tara mas me diz aÃ­ qual adc BR seria melhor que ele ? ğŸ˜‚ğŸ¤Œ,
73,cara os mano colocaram o anciao em jogo quando tava PERDENDO Ã© pedir mesmo pra perder,
74,noc ultando pra fumar sÃ³ se for,
75,"47:40 quando o schaeppi disse: ta valendo. acho q desse momento em diante, eles viram q iam perde.",
76,Os catas tao jogando bem.  Perdemos em rotaÃ§Ãµes ğŸ˜¢,
77,"""comp cara de cblol."" todo mundo falando sempre: cblol Ã© o mais fraco das ligas.  Resultado:",
78,Kkkkkkkkk segura essa ae dor gaming,
79,Yamato e coach seeel tinham razÃ£o.,
80,Tudo normal lol br NUNCA vai ganha um mundial,
81,PÃ©ssimo... Se fosse a loud dava ate pra sonhar,
82,4x sem passar de time de Uber...,
83,"Loud Ã© aquele time que perdeu pro time de Uber, Padeiroâ€¦?",
84,Wizer joga mto mereciaaa,
85,um pouco mais e a gente ganahva. O jogo 1 ficamos n  defensiva so levando HARD PUSH sem parar e perdendo por falta de visÃ£o e pela disparada de ouro. Mas o jogo 2 foi bem acirrado e se o noc tivesse ult 5 segundos mais cedo a gente tinha ganhado CERTEZA. Tem de cobrar melhorar e INCENTIVAR os cara,
86,"A Gernte lutou bem, mas faltou controlar melhor a visÃ£o e acertar os detalhes ( a ultima luta o noc n tinha ult faltava 5 segundos ) O time tem de melhorar e a gente tem de cobrar e tambÃ©m incentivar os caras",
87,kkkkkkkkkkkkkkkkk,
88,KKKKKKKKKKKKKKKKKKKKKK,
89,f,
90,gstv chato demais mds,
91,Chato por falar a verdade nÃ© rs,
92,"Medo de jogar, sem iniciativa, sem controle, sÃ³ jogando defensivo, falta de coragem, sempre isso",
93,a sim grijo challenger,
94,NÃ³s somos ruins,
95,"muito mais que isso.... Falta macro e micro, os gringo deram uma aula em nois",
96,"Gente. Olha a soloq irmao, br n domina visao, n tira. Luta errado, faz troca burra. Joga descordenado, e literalmente a soloqplus.",
97,Pega a merda se um Noc e nÃ£o inicia nos players solo nas lanes.,
98,"JÃ¡ vi q infelizmente perdemos, agora Ã© ver como.",
99,"Desiste dessa poha kkkkk NÃ³s somos ruins mesmo e ja era, no mundial de 2030 vai ser a msm coisa Bostil sendo espancado tambem kkkk",
100,â€œPower play negativoâ€ gg.,
101,"Da pra ver que os caras fa liquid sabem deixar o oponente sem saidas, se fosse qualquer outro jogador ou qqr outro time br no lugar dos caras, talvez nao tivesse chegado nem na suiÃ§a",
102,cariok e muito ruin pega noc pra que se nao sabe aperta r,
103,Se fossse vks ia ser diferente em,
104,Kuri entregou demais pqp,
105,"Nossa regiÃ£o sempre vai ser a pior, e vocÃªs merecem isso, quando a mente do brasileiro mudar, irÃ¡ refletir nesses tipos de jogos",
106,Zero novidades! Mais do mesmo!  BR sÃ£o iludidos demais kkk,
107,A gente vÃª a nossa inferioridade quando se leva 8 anos pra passar de fase. Mas continuam jogando mal e com pouca evoluÃ§Ã£o e noÃ§Ã£o de game. Acham que mundial Ã© cbol,
108,Jogo feio da peste,
109,"Titan deixou a desejar  de mais , sempre avanÃ§ado de mais , morrendo atoa e sem proatividade.",
110,EntÃ£o nÃ£o ganharam o mundial por fazer first blood contra a T1!?,
111,Jogo com medo tem que perde mesmo feito histÃ³rico de vergonha se contento com mt pouco,
112,Quem tÃ¡ zoando vai lÃ¡ e ganha o mundial ğŸ˜‚ğŸ˜‚ğŸ˜‚ğŸ˜‚ğŸ˜‚ğŸ˜‚ğŸ˜‚,
113,"jogaram oq sabem, ta Ã³timo, foram longe, obrigado pelo entreternimento foi muito divertido.",
114,"Parece ranqueada de diamante sinceramente, que flanco foi aquele do renek ?",
115,lixÃ£o,
116,8 anos pra voltar pra base,
117,Essas ult torta ai kkkkkkk,
118,Os jogadores fazem consulta com psicÃ³logo?  Sei la parece q temos complexo de inferioridade,
119,"Ã‰, continua sem fazer histÃ³ria.  Estudar mais um pouco de "" macro game"" pq aÃ­ vai que dÃ¡, nÃ© ğŸ˜…",
120,"O nÃ£o a gente jÃ¡ tinha, sÃ³ tava buscando fazer histÃ³ria kkk  NÃ£o dÃ¡ pra criticar os cara, Ã© um gap de macro muito grande entre as regiÃµes. Fizeram oq puderam, ano que vem a gente volta mais preparado.   ParabÃ©ns piazada",
121,"Pela primeira vez a preparaÃ§Ã£o do ano anterior mostrou resultado, agora acredito kkkkk",
122,ParabÃ©ns jogaram bem faltou psicolÃ³gico...,
123,"Pqp, o Wizer levou 15 anos pra entrar na ultima luta",
124,"Ah mano, os caras chegam na etapa suÃ­Ã§a e jogaram o game poh, eles merecem",
125,Tadinhos comemoraram tanto kkkkkkkkk quando ganhou depois de 8 anos kkkkkk voltando a ser a pior regiÃ£o,
126,Vc Ã© o melhor,
127,Vai lÃ¡ jogar e classificar,
128,@@victorsiqueira9701 nÃ£o recebo pra jogar sÃ³ jogo meu Aram bjoss,
129,vcs brigando  pra ver quem Ã© pior...mas piores sÃ£o todos que jogam esse jogo woke..de empresa  woke,
130,@@luizalberto990 e vc aqui no vÃ­deo lendo os comentÃ¡rios,
131,Wizer merecia,
132,Titanzada um minion,
133,Naqueles jogo treino foi um leÃ£o mas nas partidas valendo um gatinho,
134,"lol tem essa propaganda de inclusÃ£o mais mundial e cheio de desigualdade, atÃ© hj cblol pensa que participa  mais so vai la de passeio  cria essas fases, tinha de ser igual copa do mundo de futebol nÃ£o importa nÃ­vel",
135,Kakakakkakakak,
136,"Essa cabeÃ§a de caixa de Ã¡gua , cariok Ã© pÃ©ssimo jogador",
137,Falou o lixo q nunca conquistou nada na vida kk,
138,â€‹@@guilhermebittencourt3948 se alguÃ©m chuta as bolas do carioca vai bater na tua nuca kkkkkkkk,
139,Faltou ser pro,
140,"Essa merda continua assim que no lol tem muito passa pano e nao tem cobranÃ§a a esses jogadores merdas que recebem o salario em dia, bando de mimado choroes, tivesse uma torcida organizada pra cobrar esses arama liso do crl, duvido que todo ano ia ser a mesma vergonha, cenario lixo.",
141,"Muito bem falado, meu amigo",
142,"Mais uma experiÃªncia jaja chegamos no level 100,cenÃ¡rio decepcionante ğŸ˜‚",
143,"Era pra nÃ³s jogar pro renekton, segurando a Frontline deles enquanto o renekton macetava. O wizer tava 7/2 se n me engano e os caras dÃ£o allin no skarner.",
144,"Na luta final, o wizer que foi no meio de 3 com o kuri morto. O cariok nÃ£o acompanhou, dynquedo e Titan estavam longes, quando o titan lutou, ele morreu pra neeko. Kuri, Wizer e Cariok que quebraram essa partida",
145,"â€‹@@SohaaTitanioo Wizer entrou no flanco mas nÃ£o tinha visÃ£o dos carry da backline deles. O Kuri foi parar o engage do Skarner e o time comprou a briga MT errado, sem o renekton nÃ£o tem TF. O carioca pegou Nocturne pra dar pickoff. Titan e dynkedo demoram pra derrubar a Frontline dos caras. Acho que o Wizer podia ter buildado melhor porque era o Ãºnico que podia bater de frente. Podia ter sacrificado o Kuri em Ãºltimo caso mas nÃ£o responder o engage dos caras desse jeito. Mas nÃ£o dÃ¡ de tirar o mÃ©rito da PNG de chegar aos playins.",
146,"Takeshi: ""Como foi o jogo?"" Cariok: ""A gente Ã© ruim mesmo""  Fim",
147,1,
148,Jogamos como nunca e perdemos como sempre,
149,"SÃ³ pedrada, pqp... Quando nÃ£o falta dedo, falta sorte.",
150,RAKIN VAI AMASSA NOIS ğŸ˜…ğŸ˜…ğŸ˜…,
151,Agora vamos apanhar dos cavalos ğŸ˜‚ğŸ˜‚ğŸ˜‚ğŸ˜‚,
152,mÃ£o abenÃ§oada da pourra kkkkkkkkkkk,
153,Pode marca a passagem de volta stomp mais uma vez,
154,"eles tambÃ©m estÃ£o 0-2, hÃ¡ chances",
155,"Que chance dog, essa Liquid quase ganhou da Weibo ... A gente vai ser amassado. Mas valeu, valeu ... kkkkkkk",
156,"Inclusive, nÃ£o sei nem como eles perderam porque estavam espancando a Weibo, tipo, nÃ£o sÃ³ bateram de frente, deram foi mt perigo pra eles ...",
157,Pedimos pra ter experiencia com times bons mas nao precisava ser um em seguida do outro.. tnc ğŸ˜­,
158,TL nÃ£o Ã© essas coisas,
159,Ja jogamos contra a g2 e a t1 nada mais abala kkkk,
160,"Ã‰ um azar do crlh tbm, infelizmente sem chances de ganhar dessa liquid, tentar pelo menos um 1 game ou fazer jogos pegados...",
161,Takeshi tem que entrevistar a malu,
162,"Vamos ser amassados famÃ­lia, Ã© isso kkkk",
163,"Tem que tirar pelo menos 1 game, sair 0/todos nao da",
164,"SÃ³ caiu contra time difÃ­cil, embora eu achei que contra a G2 se fosse com uma comp mais pro early, teria mais chance de sucesso.",
165,"Pior q ta se desenhando, se tivessemos dado pelo menos um pouco de jogo contra t1 e g2 dava pra acreditar, mas foi stomp, TL perdeu pra WBG no detalhe",
166,â€‹@@raphaelsantos232 DÃºvido mto se isso iria acontecer de fato ğŸ˜‚ğŸ˜‚ğŸ˜‚,
167,"@@ProjectNinja_ poderia nÃ£o ganhar, mas seria melhor do que sÃ³ ficar olhando os caras fazerem os objetivos e levarem torre.",
168,@@raphaelsantos232 Nisso eu concordo 100% .. So deixaram as coisas acontecer e fdse,
169,"Md3 eu confio, vamo arregar pro Na nÃ£o, jÃ¡ enfrentamos g2 e t1",
170,Quase que nÃ£o passa do LLA doidÃ£o,
171,@@vitormateuspontes9376 melhor chance atÃ© agora,
172,"â€‹â€‹@@vitormateuspontes9376 Demos um stomp na PSG e nÃ£o ganhamos o terceiro jogo por erros bobos, atÃ© os gringos ficaram com o ** na mÃ£o nas reaÃ§Ãµes",
173,"@@vitormateuspontes9376 a gente precisa ganhar uma vez pelo menos, seria histÃ³rico eliminar a TL. Se perder jÃ¡ era o mais provÃ¡vel",
174,"â€‹@@SS_SleyE todos os gringos disseram q o psg jogou muito abaixo aquela serie. Lembre-se q a r7 ficou o game 3 inteiro com vantagem de gold, eles tinham 6k aos 20min mas e sup e jg ficram trolando.",
175,perdemooooooo,
176,Malu nÃ£o deu tanta sorte quanto eu achei,
177,os narradores comemorando a vantagem de 100 de gold aos 3min de jogo aposkopaskopasok,
178,"o jogo inteiro, os brasileiros jogando a t1, incrivel, reclama de n fazer x1 mas o jogo Ã© 5v5, ""Aiii mas a lane Ã© 1v1"", o jungler faz oque alÃ©m de objetivo? Nao Ã© covardia, Ã© estrategia, para de ficar zoaando os cara,....",
179,Derrepente agora com os times br enfrentando times de outras ligas consigam evoluir mais,
180,Enfrentando o CampeÃ£o Mundial.,
181,"T1 jogando, schaepi narrando  This is cinema",
182,TITAN foi um dos que mais criticou a Loud ano passado. Tomou um couro e saiu do mundial com o rabo entre as pernas,
183,??? Quem passou de fase????,
184,Que vergonha o senÃ¡rio BR ğŸ˜…ğŸ˜…ğŸ˜…,
185,ComeÃ§ou bem... depois parecia prata contra platina....,
186,O brilho dos narradores vai de 10 a 0 mto rapido ksksksksksksk,
187,skt botou firme e forte,
188,KKKKKKKKKKKKKKKKKKKKKKKKKKKKKKKKKKKKKKKKKKKKKKKKKKKKKKKKKK os caras narrando e gemendo a cada segundo de game,
189,"surra, paizao",
190,"nao podia deixar o olaf ficar atras no top na estrategia que falou no inicio, nao jogaram pro cara e ele foi um a menos  ğŸ¤£ğŸ¤£ğŸ¤£ğŸ¤£ğŸ¤£ğŸ¤£",
191,Os casters totalmente emocionados no comeÃ§o kkkk,
192,BR emocionado,
193,Qual o nome da mÃºsica comeÃ§a com Ice Baby ?? AlguÃ©m sabe me dizer ?,
194,Esse confronto foi pique Fluminense x Manchester city,
195,"COVARDES, batendo em deficientes ğŸ˜¢",
196,"Acho muito patÃ©tico vc tomar uma surra e sair rindo. Independentemente do time que tu joga contra. Vc nao vÃª isso em esportes de alto nÃ­vel. Eu nunca vi um time de futebol tomar uma surra no mundial e sair rindo. Isso sÃ³ mostra a mediocridade do cenÃ¡rio brasileiro de lol, os prÃ³prios jogadores nÃ£o respeitam a profissÃ£o, tratam como se fosse um joguinho",
197,que surra kkkkkkkk,
198,GO t1 â¤â¤â¤,
199,JÃ¡ pode aposentar Faker,
200,Admiro esses cara que vÃª lol a vida inteira achando que tava na vantagem com duas kil passou vergonha xingando geral mds,
201,Keebler Highway,
202,Cabo o sonho ?,
203,"Esses comentaristas sÃ£o HORRIVEIS,PQP KKKKKKKKKKKK",
204,"E o que falar dessa comp, o cara pega Akali os dos mains do faker pra enfrentar o faker, pega Kalista com neeko e um Olaf top. AtÃ© um time do bronze ganhava desses comÃ©dias.",
205,"NÃ£o da pra entender esses times do BR, os caras nÃ£o fazem nada alÃ©m de jogar, sÃ£o pagos para jogar lol e jogam no mesmo nÃ­vel das partidas que eu vejo no bronze.",
206,"Bando de PNC nos comentÃ¡rios falando merd@. Voces devem ter vindo do FF ne, seus pnc. Era espeado perder pra T1 e Ã© normal os caster comemorar atÃ© farm, quem acompanha o cenÃ¡rio hÃ¡ 10 anos sabe que atÃ© apanhar da T1 jÃ¡ Ã© Ã³timo, jÃ¡ Ã© um primeiro passo pra talvez algum dia ser uma regiao major, entÃ£o vÃ£o todos se fod$r e voltem pro FF",
207,Esse vÃ­deo existir jÃ¡ Ã© histÃ³rico.,
208,Kkkkkkkkkkkkk,
209,Incrivel como sÃ³ pegam campeao merda pqp viu,
210,que narodor lixo,
211,O cara falando que precisou chamar 3! Isso Ã© jogo ganhar quem soube jogar 5 vs  5 melhor.,
212,"muito legal, a T1 respeitou mais nossa regiÃ£o do que os casters",
213,O povo fica animado por nada kkkkk por isso que o cenÃ¡rio e essa palhaÃ§ada mkkk,
214,o leÃ£o de scrims ficou 1/4 de kalista kkkkkkkkkkkkkkkkkkk,
215,Tem q comer mto arroz e feijao quem sabe daqui 20 anos vontine passando sempre nesta fase!,
216,Kkkk Cara Reclamando de fazer x1 mais nÃ£o e 5x5 ou e word x1 kkkk jÃ¡ tÃ¡ bom demais jogar contra jÃ¡ fez demais,
217,Normal game,
218,...,
219,"se fosse eu de Akali esse faker nem clicava de Yone, A questao Ã© o seguinte! a pressao do mundial Ã© tao grande que os cara fica com medo e um assassino com medo nao serve pra nda!",
220,Kkk ia ser 0/20 pra ti ia matar bastante o faker,
221,Os cara jogam o dia inteiro e nao conseguem jogar de igual pra igual? Q estranho,
222,Titan so Ã© bom em soloq. Chega em campeonato ele pipoca. ğŸ˜‚,
223,"Claro nÃ© todo mundo tÃ¡ vendo potencial nele e ele deve ir pra fanÃ¡tico, pq na champions Queqe ele tÃ¡ jogando com jogadores da LPL",
224,"jg uta e segura os cara que ta chegando enquanto os cara leva o top, era isso no drag.",
225,"meu deus !!! a png querendo fazer bolinho nos  cara ai nao, cade a retaguarda png  esse negocio de 5x1 primero depois nois ve nao cola nao .",
226,"parabÃ©ns aos brasileiros, quem reclama, vai lÃ¡ e faz melhor entÃ£o.",
227,Eu tava nesse dia!!!,
228,Pelo menos a gente perdeu so uma vez  pra skt e tem time q ja perdeu por varios anos ğŸ˜‚,
229,MoÃ§o eu to nem aÃ­! Ser Brasileiro no Words deve ser como torcer pelo Vasco ! ğŸ˜‚,
230,Como disse o @ismalakoi se for pra perder que seja pelos melhores do mundo,
231,Deu nem tempo do surrendee? Pqp.  Parece jogos do prata 3,
232,TÃ¡ bem h3in ğŸ˜‚ğŸ˜‚ğŸ˜‚... mano. Serio. NÃ£o consigo assistir o jogo com esses comentaristas ğŸ˜‚ğŸ˜‚ğŸ˜‚... parece que eles estÃ£o narrando outro jogo por que o que tÃ´ vendo aqui parece mentira ğŸ˜…ğŸ˜‚ğŸ˜‚ğŸ˜‚ğŸ˜‚,
233,A prÃ³xima meta Ã© vencer a TL e enfrentar novamente a T1 em uma MD3,
234,Isso se a T1 perder a prÃ³xima md3.,
235,Eh like like like,
236,"Meu deus que jogo maravilhoso , esperei muitos anos pra isso .",
237,"Deu nem pro cheiro dos caras, 20 minutos de game, pra eles foi aram.",
238,mermÃ£o 25 minutos contra a T1 Ã© tipo 2 horas contra o kid bengala! foram bem d+,
239,Contra o kid bengala em que situaÃ§Ã£o vocÃª estaria contra ele ihhhhh lÃ¡ ele ein,
240,Dynquedo: solamos o faker. Eu e o kuri.,
241,"25 minutos ta otimoooo!!! Aguentaram foi muito, o inicio foi bom, so que a derrota ja estava garantida",
242,Adaline Common,
243,vergonha internacional,
244,Vergonha Ã© ser eliminado pra uber,
245,Nosso tÃ­tulo: matamo o Faker,
246,"dynkas solo o faker, quem? o dynkas e o kuri.",
247,â€œMatamos o Faker e veja o que aconteceuâ€ğŸ˜‚,
248,"E mais, damo First blood e primeira torre",
249,O foco deles foi o Wizer. Nao deixaram o cara jogar coitado,
250,Eles conhece o kuri e o Wizer eles eram da acadamy da T1 por isso camparam sabem do potencial,
251,comentaristas BR sÃ³ fala asneiras slk,
252,Vai,
253,"Brasileiro Ã© uma Merd@ mesmo viu, os caras jogando contra os melhores do mundo e a galera nos comentÃ¡rios falando besteiras, Deus me livre",
254,JogÃ£o ksakksa,
255,"Os caras zoa, mas tocou stompe da G2 kkkkkkkkk",
256,"Estava no trabalho e acompanhei a transmissÃ£o com fone. Agora chegando pra assistir essa aula de respeito da T1 Contra uma equipe anos luz atrÃ¡s, e jogar de forma digna. Sem desrespeito",
257,"Sim, mano! Por isso sÃ£o tÃ£o bons, nÃ£o subestimam ninguÃ©m.",
258,"Vdd, os caras podiam pegar uma Yumi jungle e nos humilhar, jogaram com respeito",
259,"concordo plenamente. Em nenhum momento jogaram para humilhar,  fizeram o bÃ¡sico sabendo que Ã© jÃ¡ Ã© bem diferenciado.",
260,Muito bom kkkkkkkkkk,
261,"Mentalidade dos caras... Comemorando qualquer coisinha, dando risadinhas para as cÃ¢meras e tirando os outros para loucos. Resumindo, 20 x 6 em 25 minutos muito bem apanhados! Estes sÃ£o os Rue Rue Rue.",
262,de onde tiraram que dynquedo Ã© bom de akali ?,
263,no x1 ele tava levando a melhor,
264,@@user-gu9ll8cw8vaÃ­ vc acordou,
265,â€‹@@Bramaterasuquantas vezes o Faker matou ele solo?,
266,Bom deve ser vocÃª... certeza!,
267,@@MarcosTulio-e7d e oq tem haver ? Lol Ã© x1 agr ?  O dia que o dynquedo jogar de zed igual o faker jogou no x1 aÃ­ vc comenta bosta dnv,
268,"TITAN EU APOSTEI QUE VC MATARIA MAIS DE 1 SEU NEWBA, VC NAO CONSEGUIU MATAR 2",
269,Kkkkkkkkkkk,
270,"A alegria dos caras Ã© matar o fake ğŸ˜‚ğŸ˜‚ğŸ˜‚ğŸ˜‚ , literalmente o cenÃ¡rio brasileiro , 11 anos sendo humilhando valendo a pena em 10 minutos ğŸ˜‚",
271,E eu assistindo feliz da vida ğŸ˜‚,
272,@@victordutra8851  eu tbm nÃ£o tava triste ri horrores ğŸ˜‚ğŸ˜‚ğŸ˜‚ğŸ˜‚ğŸ˜‚,
273,"Kara nÃ£o entende de felicidade. Vai muito alÃ©m de sempre vencer. As X sÃ³ estar jÃ¡ valeu a pena. Para eles e como um futebolista amador,  tivesse a oportunidade de driblar dar um chapÃ©u no PelÃ©,  no Messi ou CR7",
274,Foi divertido demais,
275,"Resumo de ""Brasileiro""",
276,Se tivesse feito esse draft e jogado assim contra psg dava pra ganhar,
277,"parece o galvao bueno narrando , fala de tudo menos do game . mais ta bom .",
278,"Shaeppi nÃ£o tÃ¡ mais narrando direito vey, que agonia, ele fica expressando muito a torcida dele e esquece que tÃ¡ tendo uma partida de LOL que ele tÃ¡ narrando.",
279,"passou pro fanatismo, chama os cara por apelidinho jÃ¡, nao sao mais imparcial. Ta chatao.",
280,Brinquedo amassado ğŸ¤£ğŸ¤£ğŸ¤£ğŸ¤£ğŸ¤£ğŸ¤£,
281,6:57 Esses casters nÃ£o cansam de passar vergonha ğŸ˜‚ğŸ˜‚ğŸ˜‚ğŸ˜‚,
282,"IrmÃ£o, nÃ£o vou zoar pq talvez tu tenha alguma condiÃ§Ã£o que dificulte a compreensÃ£o de Ironia. Mas eles estavam o tempo todo sendo irÃ´nicos, todo mundo sabia o resultado final, mas isso nÃ£o nos impede de torcer.",
283,Exatamente ! Mais o pessoal nÃ£o entende ironiaâ€‹@@lookingnick,
284,br nÃ©,
285,Brasileiro com QI mÃ©dio,
286,"casters tao emocionados q da tristeza, parece cachorros todo feliz pelo minimo dps toma um stomp q tira ate a dignidade",
287,Br no lol e uma piada ğŸ˜‚ğŸ˜‚ğŸ˜‚,
288,nada alÃ©m do previsto,
289,"NÃƒO EM TODAS AS LANES, MAS QUEM FOI QUE DEU O FIRST BLOOD? ELE MESMO XSQDL. RESPEITO O TITAS     ^_^ AGORA O MID E O TOP ENTREGARAM SIM, MAS SE FOSSE SÃ“; JG, ADC E SUP A GENTE REAL PODIA GANHAR DA FUCKING T1 ACREDITA MAIS NA NOSSA SELEÃ‡ÃƒO A GENTE TAVA DE IGUAL PRA IGUAL ATÃ‰ OS 8 MIN NA REALA GENTE TAVA ATÃ‰ GANHANDO DOS MELHORES DO MUNDO NO INICIOZINHO DO JOGO TINHA UM MUNDO EM QUE A GENTE GANHAVA DA T1 SIMMMMMMM!!!!!",
290,@@Gwen-ManhwasğŸ˜‚ğŸ˜‚ğŸ˜‚ğŸ˜‚,
291,â€‹@@Gwen-Manhwaspara de assistir IDL,
292,"Eu senti que mecanicamente somos melhores, mas esses cara no macro pqp",
293,somos sim kkkkkk,
294,KKKKKKKKKKKKKKKKKKKKKKKKKKKKKKKKKKKKKKKKKKKKKKKKKKKKKKKKKKKKKKKKKK,
295,Kkkkkkkkkkkk,
296,Kkkkkkkkkkkkkkkkkkkkkkkkkkkkkklll,
297,"@@GabrielCosta-nt8qs NÃƒO EM TODAS AS LANES, MAS QUEM FOI QUE DEU O FIRST BLOOD? ELE MESMO XSQDL. RESPEITO O TITAS     ^_^ AGORA O MID E O TOP ENTREGARAM SIM, MAS SE FOSSE SÃ“; JG, ADC E SUP A GENTE REAL PODIA GANHAR DA FUCKING T1 ACREDITA MAIS NA NOSSA SELEÃ‡ÃƒO A GENTE TAVA DE IGUAL PRA IGUAL ATÃ‰ OS 8 MIN NA REALA GENTE TAVA ATÃ‰ GANHANDO DOS MELHORES DO MUNDO NO INICIOZINHO DO JOGO TINHA UM MUNDO EM QUE A GENTE GANHAVA DA T1 SIMMMMMMM!!!!!",
298,"E pensar q vi o Dynquedo sendo amassado no CircuitÃ£o uns anos atrÃ¡s KKKKKKKKKKKKKKK, sÃ³ q agora sendo no mundial ğŸ˜‚ğŸ˜‚",
299,esse batuque no draft Ã© agoniante,
300,"Eu nÃ£o assistia uma partida do competitivo desde 2017, mas tive que abrir uma exceÃ§Ã£o pra isso. Ã‰ bom ver que a EXP acumulada finalmente deu pra passar de nÃ­vel mas pena que pegou logo o final boss LJKDHFKJSDHFKSDJFHSDKJFHSD",
301,"Papo, tÃ´ na mesma situaÃ§Ã£o, anos sem vez campeonato, esse tÃ´ acompanhando com emoÃ§Ã£o, o problema Ã© o final boss",
302,t1 hj em dia nÃ£o Ã© mais o boss final,
303,@@nerodayungog3389Ã© nÃ£o kkskkkkkkkkkkkkkkkğŸ˜‚ğŸ˜‚ğŸ˜‚ğŸ˜‚ğŸ˜‚ğŸ˜‚ğŸ˜‚ğŸ˜‚ğŸ˜‚,
304,@@falcon8604 tem times melhores,
305,"Realmente a XP internacional tÃ¡ surtindo algum efeito depois de anos, hoje em dia eu sÃ³ vejo mundial.",
306,Que paulada pode vir embora,
307,"Depois dessa surra aÃ­, podem vir embora",
308,Os apresentadores animados no inÃ­cioâ€¦ kkkkkkk cÃ´mico,
309,Uai mano vc que qui ele esteja desanimado ? Se Ã© Brasileiro mesmo praga ruim,
310,"Bando de palhaÃ§os, comemorando a derrota certeira",
311,Deve ter sido emocionante jogar contra um dos melhores midlaners do mundo. ParabÃ©ns Faker!,
312,"Faker ficou emocionado, sentiu pressÃ£o pela primeira vez",
313,â€‹@@rocha4959Faker me mandou dm dizendo que passou a noite em claro estudando o jogo do Dynkas ğŸ¥¶ğŸ¥¶ğŸ¥¶,
314,â€‹@@rocha4959Acabei de receber dm do Faker e confirmo o que vocÃª disse,
315,e como foi .,
316,um dos melhores? ou o melhor?,
317,Que surra em amiguenhos!!,
318,"A gente nunca apanhou de time bom, Ã© tÃ£o legal ver a gente jogando contra esses caras kkkkkkkkkkkkk agora tem que passar em todo internacional pra gente jogar contra eles kkkkkj",
319,"2 chamo inÃºtil esse do mid e top, pra q?",
320,9k gold advantage only 25 min game,
321,A Ãºltima bala fez curva se Ã© doido ğŸ˜‚ğŸ˜‚,
322,os cara respeita muito .,
323,Eh like like like,
324,Time lixxxx esses brasileiros,
325,Os caras sÃ£o muito dodoi...bani o personagem dos players rivais Ã© questÃ£o de respeito ou questÃ£o de lÃ³gica? kkkk  dizer que Ã© respeito Ã© ser muito dodoi....se nÃ£o eles baniriam uq? kkkk..e no final da partida..o resultado obvio...kkk,
326,Erro da paim e querer dragon em troca de torre no inicio de jogo,
327,Meu avÃ´ que parou de jogar lol em 1980:  â€œCuidado com o kamiâ€,
328,wizer nao sabe jogar de renekton nao?,
329,"resultado normal, postura de time brasileiro normal. nada de surpreendente",
330,Se qualquer time que o titan perde eu to feliz,
331,"pickar maokai Ã© sacanagem, nossa pool Ã© muito pequena no mid/jungle",
332,Essa Ãºltima Bala do Jhin foi roubado isso.,
333,"JOGUINHO DE MERDA, TUDO BUNDA MOLE",
334,"1Â°EstratÃ©gia da g2 pegar 2 bonecos que escala na side, (yone e yasuo)  2Â°priorizar 6 vast larvas, e manter as rotas puxadas. 3Â°pain e obrigada a voltar pra segurar as waves. 4Â°g2 fica livre pra roubar toda jg e pegar os objetivos. 5Â°side puxada = baron free.",
335,Os cara deixa os adversÃ¡rios pegar os campeÃµes que querem nem pra tentar de dificultar fala sÃ©rio,
336,Tower 11 x 0 ...pega mais maokai seus animais. Vergonha!,
337,"Os caras brinca demais, maokai de novo! Sabia que iria perder... toda vez que pega esse lixo de jg Ã© certo perder.",
338,"Os caras sÃ£o pÃ©ssimos  mas o boneco que Ã© ruim, sempre uma narrativa nÃ©?",
339,"Enquanto continuar pegando maokai vÃ£o perder, TNC esquece sapoha e pega algo que preste poha!",
340,"SerÃ¡ campeÃ£ em 2028, quando eu tiver na equipe, gravem!",
341,"No meu tempo de LOL, Brand jungle era troll ğŸ˜…",
342,"Por que nÃ£o pegar Ahri e Ez, no 3-4?  Pra que forÃ§ar mais tempo de partida contra adversÃ¡rios que teoricamente erram menos que seu time? Era jogo pra decidir em skirmsh e composiÃ§Ã£o early,  na minha newbe visÃ£o.",
343,Koreano com corta cura a G2 nem joga mas como e BR o povo nao sabe par que serve....,
344,Jhin toda hora sozinho e o titan Ã© o kuri nÃ£o foram nele! Jogaram muito passsivos!,
345,Tomara que alguem  peguem teemo e shaco ğŸ¥°ğŸ¥°,
346,g2 estÃ¡ simplesmente esmagando  a png com facilidade!,
347,que time estrangeiro dos maiores nÃ£o Ã© capaz de fazer isso? kkkk,
348,"@@wallace8315 , chega a ser covardia! A png esta em 20Â° lugar no mundo  enquanto a g2 Ã© a 9Â° melhor do mundo.",
349,O portuguÃªs de vocÃªs Ã© ruim.,
350,jogando como nunca perdendo como sempre,
351,"""TA BOM TA BOM, TAMO PERDENDO A BASE MAS TA BOM""",
352,"Kkkkkkkkkkkkkkkkkkkkkkkkkkkkkkkkkkkkkkkkk Se foi assim contra a G2, n quero nem vÃª contra a T1 ğŸ˜‚ğŸ˜‚ (Rezem pra q a T1 termine o jogo logo)",
353,Se o carioca parar de jogar de maokai talvez melhore,
354,O Ãºltimo tiro do jhin aconteceu de uma forma bizzara,
355,"mano? eu fiquei inshok com esse tiro, 2 pessoas na frente, como isso passou?",
356,"Mano ainda me perguntando aqui oque foi isso , como passou",
357,"@@PrimataPlay cara Ã© so pausar o video 1 milesimo antes, tinha ninguem na frente...",
358,"NÃ£o entendo o tesÃ£o que o carioka tem em jogar de maokai, Champion muito devagar na JG e demora muito tbm pra impactar no game.",
359,G2 nitidamente nem precisou pensar. Mas jÃ¡ era esperado. Br nunca vai chegar no nÃ­vel dos gigantes.....,
360,e olha que nÃ£o foi a vera,
361,Ã‰ incrÃ­vel como o brasileiro Ã© iludido.  Vivem em NÃ¡rnia e a realidade sempre apareceâ€¦,
362,"Titan se matando e dando over vÃ¡rias vezes... HorrÃ­vel, nada de novo sob o sol.",
363,"Se contentem a sua pequeneza, nunca serÃ£o mais que isso !! Torcem para nÃ£o passar mais vergonha.",
364,"nÃ£o foi competitivo, parecia soloq, pegaram yasuo e yone e sÃ³ jogaram no split , eles nunca pegariam isso contra skt ou algum time grande, sÃ³ faltou o yone rushar mejai (SÃ³ pelo meme) , ele ia ficar 25 stacks e ainda ia matar geral mesmo o item nÃ£o sendo pra ele kkkk",
365,"Os caras narram e comentam falando "" a gente.."" parece atÃ© que sÃ£o eles que estÃ£o jogando...",
366,E AMANHÃƒ QUE VAI SER CONTRA O PAI DO LOL ğŸ˜‚ğŸ˜‚ğŸ˜‚  o es*****o foi liberado ğŸ˜¢ (ainda sim foram melhores que os nanicos verdes),
367,"yasuo funcionou porque pegaram uma aurora top, dps pickaram smolder, e poderiam meter o loco ainda mas com xayah bot definiu o yasuo top. Porque yasuo Ã© facilmente counterado no top contra um renekton por exemplo",
368,"O yasuo foi pra dar counter na ult do maokai, e deram, tem uma jogada wue estÃ£o 3 jogadores da g2 kaka ulta, yasuo usa a parede nao pega ngn, ai foi gg",
369,"Time lixo, picks lixos ... Se Ã© pra passar vergonha... Nem vai!!",
370,39:03 kkkkkk Alt+F4,
371,"Olha o dano desse Brand, quase o dano do Wizer mais o Titan",
372,"As 3 fases da derrota: Picks, 6 larvas e derrubada das t1. Depois, foi apenas esperar pelo fim. Aula de macro da G2.",
373,Draft podre demais. Tem que demitir esse coach,
374,"O que esses comentaristas falam de bosta,eu n bebi de Ã¡gua,pqp",
375,11 TORRES A 0,
376,Draft doente!! Isso Ã© staff que estuda e escolhe o draft? SalÃ¡rio jogado no lixo.,
377,FASE SUINA FASE SUINA FASE SUINA FASE SUINA,
378,Ã‰ o titanzada xiscolous nÃ£o tem como,
379,AlguÃ©m sabe se jÃ¡ tiraram a bala do Jhin do bumbum do Titan?,
380,"que atropelo, meu deus",
381,"Deixou pegar Yasuo e Yone, perdeu no pick",
382,"os cara faz parecer que Ã© uma scrim de challenger/mestre contra diamante, se reparar os cara jogou leve, Caps nem pensou muito e olha que o cara jÃ¡ ta ficando calvasso de tanto pensar",
383,cara eu pensei a mesma coisa sobre o caps ficar calvo de tanto pensar kkk provavelmente o motivo da calvisse dele Ã© a LCK e LPL kkk,
384,parecer que tÃ¡ jogando contra diamante jÃ¡ Ã© progresso kkkk,
385,wizer de aurora foi pra trollar kk pega tank no top e faz linha de frente,
386,ele faz o que o coach manda,
387,"a torcida do timinho nanico verde falando dklasjkldajskldsa fizemos mt mais q vcs, classificamos passa vergonha n, chorar manda audio",
388,11 torres 0 Ã© um esculacho hein,
389,"Cara, cÃªs tem que parar com isso, nÃ£o jogaram nada hoje, parabÃ©ns por ter passado de fase, fomos inÃºteis e nÃ£o conseguimos, mas falaram tanto e hoje voltaram a ser o time que foi vice vÃ¡rias vezes, sÃ£o um time forte que dava pra jogar muito melhor, se nÃ³s conseguimos jogar bem contra a G2, vocÃªs tambÃ©m conseguem, faltou confianÃ§a e um draft melhor",
390,OS CARAS PERDERAM PRA YASUO E YONE KKKKKKKKKKKKKKKKKKKKKKK PQP AI NÃƒO DAR,
391,"Como se yasuo e yone fossem fracos. Europeus sÃ£o muito flexÃ­veis com picks. Eles pegam campeÃµes pra counterar ou favorecer a comp deles. Eles sÃ£o bons, nos nÃ£o somos.",
392,"@@Aiuzy nem Ã© questÃ£o disso, Ã© que os caras brincaram com os BR e nem usaram boneco do meta KKKKKKKKKK",
393,ğŸ˜‚ğŸ˜‚ğŸ˜‚ğŸ˜‚ğŸ˜‚,
394,muito noobs,
395,"eu sou burrÃ£o pra LOL, mas 11 torres 0 Ã© um esculacho hein",
396,"Esses sÃ£o idiotas , prioriza uma Lane pelo menos nÃ£o adianta sÃ³ segurar todas as Lanes tem q criar vantagens em uma das lanes",
397,"Foi o que eu falei em treino os cara nÃ£o vai mostrar jogo, mais serio Ã© atropelo ğŸ˜‚ğŸ˜‚ğŸ˜‚ğŸ˜‚",
398,"Na minha humilde opiniÃ£o, os jogos major tÃ£o na mÃ£o do Titan, ele ta em outro nÃ­vel, os outros sÃ³ fazem o bÃ¡sico.",
399,"EntÃ£o, por favor, priorizem o Titan nos drafts ğŸ¥¹",
400,"TA MESMO, FLASHOU 2 VEZES PRA FRENTE E SE MATOU KKKKKKKKKKKKK",
401,G2 brincou com os coitados kkkkkkkkkk,
402,"Caras... eles pickaram YONE e YASUO. Se a G2 jogando desse jeito a gente nem torre leva, imagina jogando ""no meta"". Pelo amor, o gap do EUW pro CBLOL Ã© bizarro.",
403,"O gap pra qualquer regiÃ£o decente pro CBLOL Ã© ridÃ­culo de alto. NÃ£o adianta, o pro player brasileiro sai da soloq mas a soloq nÃ£o sai do pro player brasileiro.",
404,G2 nunca jogou no meta kkkk,
405,"Yasuo Ã© hardcounter de Aurora e Yone Ã© um dos boneco mais fortes do meta principalmente pra sideline e foi exatamente o que ele fez, sla guys, tenta ter uma visÃ£o mais ampla das coisas tlgd ksksksks, nÃ£o Ã© porque o cara pickou um boneco que bronze joga que nÃ£o tem um fundamento pra pickar. E eles jogaram serio sim obvio, colocaram o Yone na side (como citado acima) e ficaram fazendo threat de baron e ganharam no macro, nÃ£o Ã© porque aos seus olhos ""nÃ£o foi serio"" que quer dizer que a G2 ta intando num Worlds plmdds shaushuashua.",
406,"@@_serjzeras Reclamando de textÃ£o vindo com outro textÃ£o ksksksksksk. IrmÃ£o vocÃª nÃ£o acompanha o competitivo de lol muito menos a LEC, a G2 Ã© um time que ja puxou Yasuo e Gragas bot numa semifinal de Worlds contra a T1, em quem eu devo acreditar sobre escolhas de comp, no analista brasileiro da G2 ou em vocÃª? Sabe de nada mano ahsuahsuaha",
407,"@@_serjzeras Eu acho que se fosse qualquer outro time com essa comp eles teriam ido com os mesmos picks que foram aqui, porÃ©m eu acho que times grandes nem estariam com essa comp pra inÃ­cio de conversa. Uma GenG por exemplo provavelmente jÃ¡ saberia desse counter de Aurora e teria ou pickado diferente no top ou feito alguma outra gracinha em outra rota pra counterar a gracinha da G2. NÃ£o Ã© nenhum desrespeito na minha opiniÃ£o, Ã© que a nossa pool Ã© limitada mesmo, fazer o que. TÃ¡ lÃ¡ o dynkedo atÃ© hoje nÃ£o sabendo jogar com um boneco simples como syndra e o cariok que sÃ³ joga de sejuani e maokai. Dedo e macro a gente pode atÃ© ter, mas se nÃ£o tem diversidade na seleÃ§Ã£o de campeÃµes os times grandes vÃ£o deitar e rolar msm.",
408,Jogamos como nunca e perdemos como sempre... mais xp galera â¤,
409,Titan fala muito e joga pouco se matou as 3 vezes e entregou o jogo,
410,"Bom Ã© vc ğŸ˜‚ Titan, se quiser, sai do BR fÃ¡cil depois desse mundial",
411,â€‹@@EduardoHenrique04sai pra jogar no LAS no mÃ¡ximo kkkkkkkkk,
412,"Na minha opiniÃ£o ele n entregou isso foi comp diff demais, e aulas de macro obvio.",
413,@@ShotyNice TÃ¡ sabendo bem vc. Nem existe mais LAS...,
414,"Posso tar falando merda mas eu acho a xayah uma champ que nÃ£o carrega jogos pode ser o titan,mas nÃ£o carrega nÃ£o gosto,opiniÃ£o ğŸ˜®",
415,"Carrega sim, quando tÃ¡ no spike com vantagem o dano Ã© absurdo, mas nÃ£o Ã© um champ fÃ¡cil de jogar",
416,"@@kleibytayloreu vejo campeonato mili anos e nunca vi uma xayah carregar ksksksk,mas o difÃ­cil Ã© se manter com vantagem",
417,"Vejo que quando um lucian,jhin tÃ¡ com vantagem e gg jogo sempree",
418,"Que carniÃ§a de aurora, bota o wizer pra jogar com top laner de verdade",
419,Pior que ele nem foi o problema aqui...,
420,"@@pedrolinguica114 tu n entendeu kk, nÃ£o to falando que ele foi o problema, eu nem assisti o jogo por conta do trabalho, eu falei isso pq tem campeÃµes melhores do que aurora top no meta",
421,@@frr.artthxr os brasileiros sempre tentam inventar moda contra os top tiers e sempre tomam no butico,
422,"Perderam no pick, mas jogaram bem, independente jÃ¡ Ã© a melhor performance de todas as equipes brasileiras em cenÃ¡rio internacional",
423,Iam perder de qualquer jeito!!,
424,Que performance ? Ganhar de uber tier 2 e depois quase perder para lla? Nenhum time br perdeu para lla,
425,"se vc nÃ£o for prata, eu sou uma geladeira",
426,Assistiu o jogo palerma? A g2 n quis terminar logo. Vergonha,
427,Agora daqui a 10 anos de novo kk,
428,A diferenÃ§a entre treino e jogo sÃ©rio.. G2,
429,"Perderam antes de comeÃ§ar  , era pra pegar sknar  ksante e outros campeÃµes mais forte porÃ©m pegou esse lixo de maokay  e aurora que comp de merda",
430,Kkkkkkk,
431,"Top e mid , perderam o game quando escolheram isso para jogar .",
432,"12k de Gold em vantagem, Carioca 0/7... Torcida tradicional se iludindo com jogo treino kkkk",
433,Pior que a culpa nem Ã© do Carioca kkkkkkkk ele se sacrificou pelo draft,
434,"Que se foda, sÃ³ em  jogar com os melhores times jÃ¡ Ã© alguma coisa",
435,e nada da loud,
436,Nada mais que esperado,
437,Escolha de champ muito merda,
438,"Wizer ta jogando mais internacionalmente do que joga no CBLOL cara, que isso,o cara lembrou que Ã© coreano eu acho kkkk",
439,o bostetico do robo falava tanto do wizer e a unica coisa que conseguiu internacionalmente foi perder pra uber. Wizer na sua primeira experiencia passa de fase ğŸ˜‚ğŸ˜‚ğŸ˜‚,
440,Aprende loud! Ã‰ assim que um time grande se comporta em internacional.,
441,Que desperdÃ­cio foi ter a LOUD por tanto tempo nos representando em eventos internacionais...,
442,Envelheceu como leite no sol,
443,A leblanc sendo deletada ali foi perfeito,
444,SatisfatÃ³rio.,
445,pura emoÃ§Ã£o <3,
446,Achei izi,
447,Oq o brinquedo da dyncando Ã© brincadeira hein,
448,N vai acontecer de nv,
449,Fase suÃ­na,
450,Um sonho tornando-se real,
451,"Dynkas carregou. Jogou muito, demias. Que jogo mds.GoPain",
452,o que Ã© a fase suiÃ§a? foram mais longe doq o ano passado?,
453,foram mais longe do que os ultimos 8 anos amigo ( ou nunca foram),
454,"Ã‰ a primeira vez que um time brasileiro passa para a segunda fase, a fase de grupos, do mundial de lol",
455,"TB nÃ© R7 e Vikings kkkkkk mais fÃ¡cil que isso, seria uma vergonha um time podre e outro que nÃ£o tem Liga. Se cai na outra chave era stompado igual a todos os outros time.",
456,@@brsemtrolll8190 igual a loud perdendo pra os uber ğŸ˜‚,
457,"@@brsemtrolll8190 Ã©, mas anos anteriores caimos contra chaves consideradas fracas tambÃ©m e sempre perdemos ( isso desde sempre)",
458,VÃ¡rios erros fÃºteis.,
459,"Que fizeram passar,o pior Ã© errar e ser eliminado",
460,"R7 tem nem liga e quase perdemos num sufoco toda HR um time entregava, jogo feio da disgraÃ§a. Se tivesse caÃ­do na chave da PSG era 2 stomp seco",
461,"â€‹@@brsemtrolll8190os cara ainda tÃ£o representando a LLA ainda, pq se for pra levar em consideraÃ§Ã£o o Bglh da conferÃªncia nem a gente tem liga mais ksksksks",
462,"Normal,nunca saÃ­ram dessa etapa os 2 times tava movido a emoÃ§Ã£o ali.",
463,â€‹@@brsemtrolll8190se o teu jogo Ã© tÃ£o bonito assim VAI LÃ E FAZ MELHOR PO! VAI LA E GARANTE A VAGA NO MUNDIAL filho da put@,
464,Se fosse a loud...,
465,N tinha JG ğŸ˜‚ğŸ˜‚ğŸ˜‚ğŸ˜‚,
466,dynkas jogou muito nesssa ultima,
467,Que horas a Loud joga?,
468,2025 se passar pra liga americas,
469,"Vai passar nÃ£o treta campeÃ£o seguida, fez oq nenhum outro time fez com menos da metade de criaÃ§Ã£o dos outros time",
470,@@brsemtrolll8190 e nunca passou da 1 fase do words,
471,â€‹@@brsemtrolll8190perdeu para os ubers kkkkk,
472,@@brsemtrolll8190time tÃ£o patÃ©tico quanto tu ğŸ˜‚ğŸ˜‚ğŸ˜‚,
473,que horas era o jogo da loud uma hora dessa???,
474,"Como Ã© bom ter um time que realmente representa nossa regiÃ£o.  Brincadeiras a parte, esse time merece muito, ja pode fazer um documentÃ¡rio",
475,"Kkkkk o melhor chaveamento possÃ­vel se caise na outra chave tava eliminado, suou frio contra os cara que nem tem Liga. Quero nem ver esse mundial 0-3",
476,â€‹@@brsemtrolll8190 vamos falar do chaveamento da Loud no MSI?,
477,"Mano, a Loud perdeu pra motorista de Uber. Tamo evoluindoâ€‹@@brsemtrolll8190",
478,@@brsemtrolll8190 loudete Ã© um fracassado orgulhoso mesmo,
479,â€‹@@brsemtrolll8190tem time aÃ­ que perdeu para motorista do Uber,
480,chills,
481,Isso que Ã© time krlh!!!!! â¤â¤â¤ GoPainnnn,
482,Se fosse a LOUDIIIII? ğŸ˜‚ğŸ˜‚ğŸ˜‚ğŸ˜‚ğŸ˜‚ğŸ˜‚ğŸ˜‚ğŸ˜‚,
483,Vixi melhor nem comentar ğŸ˜‚,
484,Eles entraram na mente de vocÃªs mesmo ein kkkkkk os caras na pqp e cÃªs preocupando com isso,
485,Tinha perdido pra vinkes kkkk,
486,"â€‹@@arthurfariasx isso se chama rivalidade mano, qualquer outro time fodase. As loudetes n botavam fÃ© kkkkk se foderam",
487,O jg ia sem item de jg,
488,Eh like like like,
489,26:57 xamaaaaaaaa ğŸ”¥ğŸ”¥ğŸ”¥,
490,ğŸ˜®ğŸ˜®ğŸ˜®ğŸ˜®,
491,Xama,
492,O demÃ´nio rindo aos 33:15,
493,"ninguÃ©m entendeu seu comentÃ¡rio, linkou o tempo errado?",
494,Ele estÃ¡ falando da risada de Ã¡udio ao fundo.,
495,"@@emanueldemoura93 carai, agora que percebi, sinistro, nem parece risada",
496,Jax e Skarner estÃ£o muito fortes que isso,
497,26:42 o kuri entrando no arauto enquanto a tf ta rolando kekekekekkekee,
498,"MDS, tu conseguiu achar um play feia dele ahahahha  Foda, passou mto despercebido ahahah",
499,@@GabrielAlves-lx5us casquei na hr que vi durante a partida essa jogada kkkkkkkkkk,
500,Titanzinho Ã© diferenciado....,
501,Titan com Lucian Ã© um nÃ­vel alto... Agora kalista Ã© sacanagem,
502,"Tirando LCK e LPL, acho que todos os outros times vÃ£o banir esse Jax.",
503,ELE E FODA MESMO,
504,COLOCA NA CONTA DO WIZER E KURI,
505,ğŸ¥¶,
506,JogaÃ§o...,
507,"Essa sÃ©rie foi lenda urbana, vei.",
508,Eu nÃ£o gosto destas narraÃ§Ãµes e comentÃ¡rios com torcida. Prefiro bem mais quando sÃ£o neutros.,
509,Eh like like like,
510,grande titanzada kkkkkkkkkkkkkkkkkkkkkkkkkkkkkkkkkkkk,
511,"Cuidado com o titan,  posiÃ§Ã£o",
512,Cada erro tosco meu deus.,
513,"23:47 o Oddie nao salvou o cariok, ele ultou pra tirar ele e nao deixar smitar mas o caca usou o W antes",
514,"mds, temos um gÃªnio aqğŸ¤¨",
515,"Nossa, jurava que ele tinha untado pra salvar o adversÃ¡rio ğŸ˜®",
516,Aaaaaaas juraaaaaaa,
517,8 anos de  experiÃªncia guardado,
518,31:43 ğŸ¯,
519,"SÃ³ um toque a equipe. NÃ£o se faz nada durante o hino. NÃ£o se entrevista, nao se comenta. Canta o hino e respeitosamente espera acabar.",
520,"PÃ´ irmÃ£o kk isso Ã© apenas uma opiniÃ£o sua, nÃ£o Ã© algo que por exemplo me incomoda",
521,Concordo,
522,Cara babaquice mas concordo.,
523,â€‹@@cauecostapinto8754 parece que a maioria concorda com ele.,
524,@@cauecostapinto8754pare de assistir lol e volta pra escola entÃ£o,
525,"Deu dor de barriga, e eu tive que terminar de ver o game cagando, A CAGADA MAIS FELIZ DA MINHA VIDA MERMÃƒO!",
526,Finalmente ganhamos 1,
527,"Jogamos como nunca, perdemos como sempre",
528,perdemos?,
529,Perdemos ?,
530,"Respostinha pronta e nem viu o video, sai p lÃ¡ bobÃ£o.",
531,Perdemos?,
532,ğŸ˜‚ğŸ˜‚ğŸ˜‚ğŸ˜‚ perdemos ?,
533,Absurdo. Me emociona atÃ© agora...,
534,Ceo sendo fregues do xsqdl desde ai,
535,"sempre que to triste, eu volto aqui.",
536,tsc,
537,"ai vem um chupa engole desse CEO dizer que a gente e muito ruim, cada uma",
538,Dynkedo no internacional >>>>>>>>>>>>>>>>>>>>>>>>>>>>>>>>>>>>>>>>>>>>>>>>>>>>>>>>>>>>>>>>>>>>>>>>>>>>>>>>>>>>>>>>>>>>>>>>>>>>>>>>>>>>>>>>>>>>>>>>>>> abismo >>>>>>>>>>>>>>>>>>>>>>>>>>>>>>>>>>>>>>>>>>>>>>>>>>>>>>>>> Tinowns,
539,Schaeppi jabparou de chorar? Foi emocionante. Ã‰ emocionante.  Todosbos casters desmontaram.,
540,teleport foda no final !!,
541,"Esse momento me curou da depressÃ£o, sem meme",
542,"Krai, se nÃ£o Ã© pra matar a gente do coraÃ§Ã£o, eles nem jogam.",
543,Eu estive aqui e presenciei a histÃ³ria ao vivo,
544,"Mano esse terceiro jogo, foi feio em, namoral Mts vacilos, mts mesmo",
545,52:00,
546,Peak League of legends,
547,takeshi ficou feliz kkkkk o cara dele,
548,goo,
549,Eh like like like,
550,a historia foi feita senhores,
551,Chorei junto namoral â¤,
552,"JogÃ£o, tradiÃ§Ã£o demais apenas... Nunca duvidei da minha painzuda ğŸ–¤â¤ï¸ğŸ–¤â¤ï¸ğŸ–¤â¤ï¸",
553,"Chocante, dps de 8 anos. Como nÃ£o chorar junto com o shappi",
554,"Quando vi o Lyonz entrando no topside pra ir atras do Kuri, eu fiquei "" o que ele ta fazendo? ğŸ˜±ğŸ˜ğŸ˜ğŸ¤¤""",
555,Adc fraquinho carregado,
556,Quase perdemos para o LLAğŸ˜‚ğŸ˜‚ğŸ˜‚,
557,"O que o Dynquedo jogou no mid e late game foi brincadeira. Fase de rotas realmente foi complicado, mas a matchup era extremamente desfavorÃ¡vel. Titan bem posicionado fez a diferenÃ§a tambÃ©m, mesmo de Kalista!!!",
558,"No ao vivo eu quitei depois dessa jogada (27:38) que o Wizer deu pro Renekton, passei dois dias triste atoa pensando que foram eliminados. Loucura ver que viraram, R7 estava com o jogo na mÃ£o.",
559,Foi lindo â¤,
560,Casal kuritan nao tem jeito. Bot gap,
561,Nunca vou esquecer desse diaâ€¦. Que emoÃ§Ã£oâ€¦. Que felicidadeâ€¦â€¦ Aguardei tanto tempoâ€¦. Que felicidadeâ€¦â€¦ Estarei velho e voltarei aquiâ€¦..ğŸ‰,
562,"Ahri Ã© isso,foi para cima e nÃ£o matou ela,Ã© um charm e um abraÃ§o....",
563,COM COM DOIS COREAS ALI NO TIME.ğŸ˜ğŸ˜ğŸ˜,
564,"Dynquedo na Ãºltima tf foi insanooo, dash pra chamar leblanc em seguida um instaflash pra trÃ¡s com charme se Ã© lokooooooooo",
565,Pra entrar na histÃ³ria,
566,"se vocÃªs comeÃ§arem a tocar Skyfall exatamente aos 50:50 o RefrÃ£o vai cair exatamente no momento do discurso do Schaeppi, ABSOLUTE CINEMAâœ‹ğŸ¤š",
567,Esse jogo deve ter causado alguns infartos.,
568,50:04 o minuto que nos passou de fase - Kuri coloca a ward,
569,god,
570,Que foda! Sem palavras. Gritei igual uma crianÃ§a de 10 anos ganhando um Playstation de Natal KKKKKKKKKKKK ParabÃ©ns a todos! Que show!!!,
571,"Shaeppi Ã© o GalvÃ£o do Lol, esqueÃ§a tudo",
572,DYNQUEDO E KARIOCA FORAM CRUCIAIS NESSE JOGO.,
573,"AlguÃ©m pode me explicar isso de fase? fase suiÃ§a e etc, Ã© tipo uma final? sou leigo",
574,"Eles tavam na pre-fase, quem nem as classificatÃ³rias da libertadores, agora vÃ£o entra na fase SuÃ­Ã§a (Ã© a mesma coisa que a fase de grupos da libertadores), depois vai pro mata-mata  (Espero que com a analogia tenha ficado tranquilo de entender)",
575,@@RafaelSilva-kw4pg valeu!,
576,"EU CHOREI AQUI TBM, foi lindo!!!!",
577,"Raramente torÃ§o por alguÃ©m, mas sÃ³ pelo jogo eles jÃ¡ sÃ£o campeÃµes.",
578,"ParabÃ©ns pra produÃ§Ã£o do cblol, obrigado por todos os momentos, q final de anime merecido!",
579,54:31 arrepiei slk,
580,Cortaram o caster MelÃ£o que passou mal do vod kkkkğŸ˜‚ cadÃª ele kkkk,
581,eles meio que fizeram historia,
582,O que Ã© esse negÃ³cio de xisquedele ? Sou novo aqui,
583,"Ã‰ como se fosse uma comemoraÃ§Ã£o kkk, tem uma play insana no CBLoL que o Titan fala na call ""Ã© o Titanzada Xesquedele, moleque pelo amor de Deus"" sÃ³ q foi engraÃ§ado o jeito q ele falou, aÃ­ ficou o apelido.",
584,â€‹@@victorpassos7681deram esse apelido peo titan nÃ£o lembro agr quem foi o streamer dai ficou,
585,Chorei com os casters chorando kkkkkkkkkk,
586,100 para o Kuri que colocou a wars da vitÃ³ria 50:00 1000 para o wizer que franqueou como ninguÃ©m ! 1000 para o dykedo que carregou a png na bolsa o coitado deve tar com dor nas costas ksksks (brinks),
587,Que JOGAO,
588,namoral quem nao chorou junto com o Schappi estÃ¡ COMPLETAMENTE MORTO,
589,"HistÃ³rico: a maior e mais tradicional org do lol BR, ganha o Ãºltimo cblol, vai pro mundial e leva a gente pra fase de grupos.",
590,Dynkas brilhou d mais nesse Ãºltimo ta doido,
591,ìŒˆë°” í˜•ë‹˜ë“¤ í™”ëˆí•˜ì‹œë„¤,
592,Emocionaram kkk comparar o dinkas com faker kkk,
593,Seju cansada,
594,ParabÃ©ns,
595,O dynkedo esse game foi aquela cena do Haikyu onde o Tanaka fica tenso de levantarem pra ele contra o inarizaki e ai ele da um stepup quando mais precisam dele,
596,"AtÃ© o Nexus cair tava tudo bem, o Schaeppi comeÃ§ou a chorar, o olho encheu de lÃ¡grima aqui.",
597,Titan e dynkas nessa Ãºltima luta doutrinaram,
598,"""vocÃª que esperou 8 anos!"" Os olhos encheram de Ã¡gua junto com o schaeppi",
599,O que esse tal de titan joga Ã© absurdo. Melhor adc que jÃ¡ vi no cblol,
